<assembly xmlns="http://maven.apache.org/plugins/maven-assembly-plugin/assembly/1.1.0"
  xmlns:xsi="http://www.w3.org/2001/XMLSchema-instance"
  xsi:schemaLocation="http://maven.apache.org/plugins/maven-assembly-plugin/assembly/1.1.0 http://maven.apache.org/xsd/assembly-1.1.0.xsd">
  <id>TPPAdministrationScreen</id>
  <formats>
    <format>zip</format>
  </formats>
  <includeBaseDirectory>false</includeBaseDirectory>
  
   <fileSets>
        <fileSet>
        <directory>WebContent</directory>
        <outputDirectory></outputDirectory>
            <includes>
                <include>**</include>
             </includes>
            <useDefaultExcludes>true</useDefaultExcludes>
            <fileMode>0644</fileMode>
            <directoryMode>0755</directoryMode>
        </fileSet>
    </fileSets>
</assembly>
