{
	"LABEL_RELATIONAL_ID": "Relational Identification",
	"LABEL_TPP_NAME": "Name",
	"LABEL_TPP_BLOCKED": "Blocked",
	"LABEL_FLOWSTATUS": "Status",
	"MESSAGE_ERROR_403": "You are not authorized.",
	"MESSAGE_WEB000_999": "Technical Error Occured",
	"MESSAGE_ERROR_404": "An unexpected technical error has occurred. Please, close the application and try again after a few minutes. Beware: all changes since your last save will be lost! If the problem persists, please contact the ICT Service Desk.",
	"MESSAGE_ERROR_500": "An unexpected technical error has occurred. Please, close the application and try again after a few minutes. Beware: all changes since your last save will be lost! If the problem persists, please contact the ICT Service Desk.",
	"MESSAGE_ERROR_405": "An unexpected technical error has occurred. Please, close the application and try again after a few minutes. Beware: all changes since your last save will be lost! If the problem persists, please contact the ICT Service Desk.",
	"MESSAGE_RST562_0001":"Please fill only one field for search.",
	"MESSAGE_RST562_0002": "Invalid Id",
	"MESSAGE_RST562_0003": "Id or Name not present",
	"MESSAGE_RST562_0004": "Id not present",
	"MESSAGE_RST562_0005": "Tpp not found",
	"MESSAGE_RST562_0006": "Managed Tpp not found",
	"MESSAGE_RST562_0007": "Status type unknown",
	"MESSAGE_RST562_0008": "Invalid include action type",
	"MESSAGE_RST562_0009": "Id not matching",
	"MESSAGE_RST562_0010": "Unknown action",
	"MESSAGE_RST562_0011": "Status not present",
	"MESSAGE_RST562_0012": "Target tpp not present",
	"MESSAGE_RST562_0013": "Invalid mutation type",
	"MESSAGE_RST562_0014": "Wrong intended action type",
	"MESSAGE_RST562_0015": "Target Tpp name not present",
	"MESSAGE_RST562_0016": "Provided name is too long.",
	"MESSAGE_RST562_0018": "Provided relational identification is too long.",
	"MESSAGE_RST562_0019": "Invalid external id type",
	"MESSAGE_RST562_0020": "Api id not present",
	"MESSAGE_RST562_0021": "Grant level Id not present",
	"MESSAGE_RST562_0022": "Certificate error: Issuer too long",
	"MESSAGE_RST562_0023": "Certificate error: Subject too long.",
	"MESSAGE_RST562_0024": "Wrong input json",
	"MESSAGE_RST562_0025": "Concurrency id not present",
	"MESSAGE_RST562_0026": "Target tpp should not be present",
	"MESSAGE_RST562_0027": "Api service date from not provided",
	"MESSAGE_RST562_0028": "Api obj is not present",
	"MESSAGE_RST562_0029": "External Id Type not present",
	"MESSAGE_RST562_0030": "No Api service linked to this TPP.",
	"MESSAGE_RST562_0031": "Relational identification is not provided.",
	"MESSAGE_RST562_0032": "Tpp Id should not be present",
	"MESSAGE_RST562_0033": "Invalid or no intended action type",
	"MESSAGE_RST562_0034": "Api Valid From is not valid",
	"MESSAGE_RST562_0035": "Api Valid To is not valid",
	"MESSAGE_RST562_0036": "Api valid From is greater than valid To",
	"MESSAGE_RST562_0037": "Api not found",	
	"MESSAGE_RST562_0038": "Provided Account Number is too long.",	
	"MESSAGE_RST562_0039": "Provided BIC is too long.",	
	"MESSAGE_RST562_0040": "Account Number not provided",
	"MESSAGE_RST562_0041": "Blocked field not present",
	"MESSAGE_RST562_0043": "Account Number is invalid",
	"MESSAGE_RST562_0044": "Access Id is not present",
	"MESSAGE_RST562_0045": "Api Id is invalid",
	"MESSAGE_RST562_0046": "Account not found",
	"MESSAGE_RST562_0047": "Invalid Access ID",
	"MESSAGE_RST562_0050": "Rejection reason is mandatory",
	"MESSAGE_RST562_0053": "Mutation type should not be present while updating",
    "MESSAGE_RST562_0054": "Status is other than submitted or rejected",
	"MESSAGE_RST562_0055": "Managed Account Settings not found",
	"MESSAGE_RST562_0056": "Managed Account Settings not provided",
	"MESSAGE_RST562_0057": "Account should not be present",
	"MESSAGE_RST562_0058": "Api should not be present",
	"MESSAGE_RST562_0059": "Tpp should not be present",
	"MESSAGE_RST562_0060": "Account Settings Id should not be present",
	"MESSAGE_RST562_0069": "Include Action contains invalid character",	
    "MESSAGE_BSI374_0006": "Name contains invalid character",
    "MESSAGE_BSI374_0007": "Relational Identification contains invalid character",
    "MESSAGE_BSI374_0009": "Rejection reason contains invalid character",
    "MESSAGE_BSI374_0010": "Api name contains invalid character",
    "MESSAGE_BSI374_0012": "Last Action User Id contains invalid character",
    "MESSAGE_BSI374_0013": "Last Action Date contains invalid character",
    "MESSAGE_BSI374_0014": "Status label contains invalid character",
    "MESSAGE_BSI374_0016": "Client certificate Issuer DN contains invalid character",   
    "MESSAGE_BSI374_0017": "Client certificate Subject DN contains invalid character",
    "MESSAGE_BSI374_0018": "Valid From contains invalid character",
    "MESSAGE_BSI374_0019": "Valid To contains invalid character",
    "MESSAGE_BSI374_0020": "Grant level name contains invalid character",
    "MESSAGE_BSI374_0021": "Relational Id contains invalid character",
    "MESSAGE_BSI374_0022": "Status contains invalid character",
    "MESSAGE_BSI374_0023": "Account Number contains invalid character",
    "MESSAGE_BSI374_0024": "BIC Number contains invalid character",
    "MESSAGE_BSI374_0025": "Api Id contains invalid character",
    "MESSAGE_BSI374_0026": "Tpp Id contains invalid character",
	"MESSAGE_DAO374_0001": "Technical error for update tpp",
	"MESSAGE_DAO374_0002": "Technical error for get tpp",
	"MESSAGE_DAO374_0003": "Technical error while registering tpp in dao",
	"MESSAGE_DAO374_0004": "Technical error in retrieving tpp details",
	"MESSAGE_DAO374_0005": "Technical error for retreiving tpps",
	"MESSAGE_DAO374_0006": "Info no data found",
	"MESSAGE_DAO374_0007": "Technical error while updating api",
	"MESSAGE_DAO374_0008": "Technical error in starting batch process",
	"MESSAGE_DAO374_0009": "Technical error in stoping batch process",
	"MESSAGE_DAO374_0010": "Technical error in creating datasource",
	"MESSAGE_DAO374_0011": "Unknown error code from db",
	"MESSAGE_DAO374_0012": "Technical error in validating tpp request",
	"MESSAGE_DAO374_0013": "Technical error from db",
	"MESSAGE_DAO374_0014": "Technical error for msg flow save",
	"MESSAGE_DAO374_0015": "Technical error for msg flow authorise",
	"MESSAGE_DAO374_0021": "Technical error in saveorupdate tpp request",
	"MESSAGE_DAO374_0022": "Technical error in retrieve overview of tpp request",
	"MESSAGE_DAO374_0023": "Technical error in get active tpp details request",
	"MESSAGE_DAO374_0024": "Technical error in get managed tpp details request",
	"MESSAGE_DAO374_0025": "Technical error in retrieve tpp managed request",
	"MESSAGE_DAO374_0026": "Technical error in retrieve submitted tpp managed tpprequest",
	"MESSAGE_DAO374_0027": "Technical error in retrieve rejected tpp list request",
	"MESSAGE_DAO374_0028": "Error in retrieving datasource",
	"MESSAGE_DAO374_0029": "Sql exception while authorizing tpp change",
	"MESSAGE_DAO374_0030": "Exception while authorizing tpp change",
	"MESSAGE_DAO374_0031": "Unexpected error in retrieving information from Ping.",
	"MESSAGE_DAO374_0032": "Error in reading data from ping",
	"MESSAGE_DAO374_0033": "Unexpected error while updating certificate information in Ping Administration.",
	"MESSAGE_DAO374_0034": "Unexpected error while updating information in Ping ",
	"MESSAGE_DAO374_0035": "Error in calling post service of ping",
	"MESSAGE_DAO374_0036": "Error in retrieving the apis from database",
	"MESSAGE_DAO374_0037": "Error in retrieving api",
	"MESSAGE_DAO374_0038": "Error in updating database for account access",
	"MESSAGE_DAO374_0039": "Technical Error in get data source",
	"MESSAGE_DAO374_0040": "Unexpected response from ping while delete",
	"MESSAGE_DAO374_0041": "Error in calling ping service of delete",
	"MESSAGE_DAO374_0042": "Error in retrieving the grant levels from database",
	"MESSAGE_DAO374_0043": "Error in removing the account access from database",
	"MESSAGE_DAO374_0044": "Error in retrieving tpp api account settings",
	"MESSAGE_DAO374_1001": "Records already updated by another User.",
	"MESSAGE_DAO374_1002": "Mutation type not create or update with save tpp",
	"MESSAGE_DAO374_1003": "Name should be provided for save.",
	"MESSAGE_DAO374_1004": "Name should be provided.",
	"MESSAGE_DAO374_1006": "Invalid mutation type while submitting tpp",
	"MESSAGE_DAO374_1007": "You cannot Authorize your own change.",
	"MESSAGE_DAO374_1008": "Invalid search parameters",
	"MESSAGE_DAO374_1009": "Valid from date missing for one or more api",	
	"MESSAGE_DAO374_1010": "You cannot save a submitted record",
	"MESSAGE_DAO374_1011": "Submitted record cannot be resubmitted",
	"MESSAGE_DAO374_1012": "Only submitted record can be authorized",
	"MESSAGE_DAO374_1014": "Mutation type not update with submit api",
	"MESSAGE_DAO374_1015": "Technical error in retrieving th details from the database.",
	"MESSAGE_DAO374_1016": "Technical error while rejecting the change.",
	"MESSAGE_DAO374_1017": "Technical error while saving or submitting.",
	"MESSAGE_DAO374_1018": "Relational Identification already present.",
	"MESSAGE_DAO374_1019": "Grant level must be provided.",
	"MESSAGE_DAO374_1020": "Access is already present for this account/TPP/Service",
	"MESSAGE_BSI374_0001": "Source notauthorised",
	"MESSAGE_BSI374_0002": "Authorisation table accessing error",
	"MESSAGE_BSI374_0003": "Technical error Occured",
	"MESSAGE_BSI374_0004": "Invalid input",
	"MESSAGE_BSI374_0005": "Record not found",
	"MESSAGE_BSI376_0001": "Exceeds max bic length",
    "MESSAGE_BSI376_0002": "Account number not present",
    "MESSAGE_BSI376_0003": "Exceeds max account number length",
    "MESSAGE_BSI376_0004": "Iban number invalid",
    "MESSAGE_BSI376_0005": "Status other than submitted or rejected",
    "MESSAGE_BSI376_0006": "Access already exists",
    "MESSAGE_BSI376_0007": "No active settings found for deletion",
    "MESSAGE_BSI376_0008": "Managed Account Settings not found",
    "MESSAGE_BSI376_0009": "Invalid Intended Action Type",
    "MESSAGE_BSI376_0010": "Invalid Mutation Type",
    "MESSAGE_BSI376_0011": "Managed settings not found",
    "MESSAGE_BSI376_0012": "Tpp should not be present",
    "MESSAGE_BSI376_0013": "Api should not be present",
    "MESSAGE_BSI376_0014": "Account should not be present",
    "MESSAGE_BSI376_0015": "Access Id should not be present",
    "MESSAGE_BSI376_0016": "Account not found",
    "MESSAGE_BSI376_0017": "Api not found",
    "MESSAGE_BSI376_0018": "Api Id not present",
    "MESSAGE_BSI376_0019": "Tpp not found",
    "MESSAGE_BSI376_0020": "Tpp Id not present",
    "MESSAGE_BSI376_0021": "Access Id not present",
    "MESSAGE_BSI376_0022": "Managed Tpp Api Account not present",
	"MESSAGE_BSI376_0023": "Tpp Api Account not present",
	"MESSAGE_BAI562_0001": "No records found in database",
	"MESSAGE_BAI562_0002": "Invalid tppid",
	"MESSAGE_BAI562_0003": "Connection error",
	"MESSAGE_BAI562_0004": "Datasource not found",
	"MESSAGE_BAI562_0005": "Tpp admin service exception",
	"MESSAGE_BAI562_0006": "No api services",
	"MESSAGE_BAI562_0007": "No grant level found",
	"MESSAGE_BAI562_0008": "Error in reading data from ping",
	"MESSAGE_BAI562_0009": "Unexpected response code from ping get",
	"MESSAGE_BAI562_0010": "Unexpected response code from ping put",
	"MESSAGE_BAI562_0011": "Error in calling put service of ping",
	"MESSAGE_BAI562_0012": "Unexpected response code from ping post",
	"MESSAGE_BAI562_0013": "Error in calling post service of ping",
	"MESSAGE_BAI562_0014": "Validation error in calling post service of ping",	
	"MESSAGE_BAI562_0015": "Validation error in calling put service of ping",
	"MESSAGE_BAI562_0016": "Unexpected Response code from Msec",
	"MESSAGE_BAI562_0017": "No SMSession Cookie found",
	"MESSAGE_BAI562_0018": "Error in calling Msec",
	"MESSAGE_DAO376_0001": "Error in retrieving the account limit details from the database",
	"MESSAGE_DAO376_0002": "Error in retrieving the active Account settings from the database",
	"MESSAGE_DAO376_0003": "Error in retrieving the managed Account settings from the database", 
	"MESSAGE_DAO376_0004": "Error in retrieving the Tpp Api Account manage request from the database",
    "MESSAGE_DAO376_0005": "Error in retrieving the Tpp Api Account request from the database",
    "MESSAGE_DAO376_0006": "Error in creating the Tpp Api Account manage request", 
    "MESSAGE_DAO376_0007": "Error in creating the Account Settings",
    "MESSAGE_DAO376_0017": "TPP is not authorized for this API service",
    "MESSAGE_DAO376_0010": "Submitted account TPP API setting does not exist",
    "MESSAGE_DAO376_0011": "Error occurred in during withdraw of Account TPP API submitted setting",
    "MESSAGE_DAO376_0012": "User does not have access to authorize",
 	"MESSAGE_DAO376_0013": "Submitted Account TPP API setting is not latest",
 	"MESSAGE_DAO376_0015": "Error occurred during authorizing the setting",
 	"MESSAGE_DAO376_0016": "Error occurred during rejection of the setting",
 	"MESSAGE_DAO376_0018": "Rejected Account TPP API setting can not be authorized" ,
 	"MESSAGE_BSI376_0025": "Account Details do not exist",
    "MESSAGE_BSI376_0026": "User is not authorised to withdraw the CC settings",
    "MESSAGE_BSI376_0027": "Invalid Access Id",
    "MESSAGE_DAO376_0011": "Incosistency found during withdrawl of CC settings"
 	 		
}